lastUpdate,title,url
" This page was last edited on 16 August 2024, at 20:29",Kevin Bacon,https://en.wikipedia.org/wiki/Kevin_Bacon
" This page was last edited on 23 May 2024, at 17:32",Main Page,https://en.wikipedia.org/wiki/Main_Page
" This page was last edited on 24 August 2024, at 17:31",Free content,https://en.wikipedia.org/wiki/Free_content
" This page was last edited on 30 August 2024, at 07:42",Segundo Romance,https://en.wikipedia.org/wiki/Segundo_Romance
" This page was last edited on 29 August 2024, at 18:29",Wikipedia,https://en.wikipedia.org/wiki/Wikipedia
" This page was last edited on 16 August 2024, at 17:46",Album,https://en.wikipedia.org/wiki/Album
" This page was last edited on 13 July 2024, at 19:43",Encyclopedia,https://en.wikipedia.org/wiki/Encyclopedia
" This page was last edited on 29 August 2024, at 14:53",English language,https://en.wikipedia.org/wiki/English_language
" This page was last edited on 21 August 2024, at 20:53",Warner Music Latina,https://en.wikipedia.org/wiki/Warner_Music_Latina
" This page was last edited on 15 August 2024, at 10:37",Romance,https://en.wikipedia.org/wiki/Romance_(Luis_Miguel_album)
" This page was last edited on 29 August 2024, at 19:28",Luis Miguel,https://en.wikipedia.org/wiki/Luis_Miguel
lastUpdate,title,url
" This page was last edited on 16 August 2024, at 20:29",Kevin Bacon,https://en.wikipedia.org/wiki/Kevin_Bacon
" This page was last edited on 23 May 2024, at 17:32",Main Page,https://en.wikipedia.org/wiki/Main_Page
" This page was last edited on 24 August 2024, at 17:31",Free content,https://en.wikipedia.org/wiki/Free_content
" This page was last edited on 29 August 2024, at 18:29",Wikipedia,https://en.wikipedia.org/wiki/Wikipedia
" This page was last edited on 29 August 2024, at 19:28",Luis Miguel,https://en.wikipedia.org/wiki/Luis_Miguel
" This page was last edited on 21 August 2024, at 20:53",Warner Music Latina,https://en.wikipedia.org/wiki/Warner_Music_Latina
" This page was last edited on 30 August 2024, at 07:42",Segundo Romance,https://en.wikipedia.org/wiki/Segundo_Romance
" This page was last edited on 13 July 2024, at 19:43",Encyclopedia,https://en.wikipedia.org/wiki/Encyclopedia
" This page was last edited on 16 August 2024, at 17:46",Album,https://en.wikipedia.org/wiki/Album
" This page was last edited on 20 June 2024, at 10:39",Cover version,https://en.wikipedia.org/wiki/Cover_version
" This page was last edited on 29 August 2024, at 14:53",English language,https://en.wikipedia.org/wiki/English_language
" This page was last edited on 15 August 2024, at 10:37",Romance,https://en.wikipedia.org/wiki/Romance_(Luis_Miguel_album)
lastUpdate,title,url
2024-08-27 11:44:00,Lee Zii Jia,https://en.wikipedia.org/wiki/Lee_Zii_Jia
2024-07-08 18:47:00,Bukit Kiara,https://en.wikipedia.org/wiki/Bukit_Kiara
2024-05-23 17:32:00,Main Page,https://en.wikipedia.org/wiki/Main_Page
2024-08-24 04:07:00,Kedah,https://en.wikipedia.org/wiki/Kedah
2024-08-16 22:51:00,Chinese name,https://en.wikipedia.org/wiki/Chinese_name
2024-08-08 22:44:00,Li (surname 李),https://en.wikipedia.org/wiki/Li_(surname)
2024-08-30 04:26:00,Kuala Lumpur,https://en.wikipedia.org/wiki/Kuala_Lumpur
2024-08-21 05:36:00,Alor Setar,https://en.wikipedia.org/wiki/Alor_Setar
2023-11-29 08:06:00,Wong Tat Meng,https://en.wikipedia.org/wiki/Wong_Tat_Meng
2024-08-16 22:43:00,Chinese surname,https://en.wikipedia.org/wiki/Chinese_surname
lastUpdate,title,url
2024-08-27 11:44:00,Lee Zii Jia,https://en.wikipedia.org/wiki/Lee_Zii_Jia
2024-08-16 22:43:00,Chinese surname,https://en.wikipedia.org/wiki/Chinese_surname
2023-11-29 08:06:00,Wong Tat Meng,https://en.wikipedia.org/wiki/Wong_Tat_Meng
2024-05-23 17:32:00,Main Page,https://en.wikipedia.org/wiki/Main_Page
2024-08-03 14:26:00,Badminton,https://en.wikipedia.org/wiki/Badminton
2024-08-13 11:19:00,Badminton at the Summer Olympics,https://en.wikipedia.org/wiki/Badminton_at_the_Summer_Olympics
2024-08-16 22:51:00,Chinese name,https://en.wikipedia.org/wiki/Chinese_name
2024-08-08 22:44:00,Li (surname 李),https://en.wikipedia.org/wiki/Li_(surname)
2024-07-08 18:47:00,Bukit Kiara,https://en.wikipedia.org/wiki/Bukit_Kiara
2024-08-15 18:08:00,Badminton at the 2024 Summer Olympics – Men's singles,https://en.wikipedia.org/wiki/Badminton_at_the_2024_Summer_Olympics_%E2%80%93_Men%27s_singles
2024-08-24 04:07:00,Kedah,https://en.wikipedia.org/wiki/Kedah
2024-08-21 05:36:00,Alor Setar,https://en.wikipedia.org/wiki/Alor_Setar
2024-05-29 02:18:00,Sudirman Cup,https://en.wikipedia.org/wiki/Sudirman_Cup
2024-08-30 08:42:00,2024 Summer Olympics,https://en.wikipedia.org/wiki/2024_Summer_Olympics
2024-08-30 04:26:00,Kuala Lumpur,https://en.wikipedia.org/wiki/Kuala_Lumpur
2024-08-28 04:57:00,Malaysia,https://en.wikipedia.org/wiki/Malaysia
2024-05-28 14:55:00,2021 Sudirman Cup,https://en.wikipedia.org/wiki/2021_Sudirman_Cup
2024-08-05 14:33:00,Soong Joo Ven,https://en.wikipedia.org/wiki/Soong_Joo_Ven
2023-06-18 02:59:00,Badminton at the 2017 SEA Games,https://en.wikipedia.org/wiki/Badminton_at_the_2017_SEA_Games
2024-01-27 10:42:00,Kantaphon Wangcharoen,https://en.wikipedia.org/wiki/Kantaphon_Wangcharoen
2023-09-24 14:35:00,Polish International,https://en.wikipedia.org/wiki/Polish_International
2024-06-22 21:24:00,2017 Bitburger Open Grand Prix Gold,https://en.wikipedia.org/wiki/2017_Bitburger_Open_Grand_Prix_Gold
2024-07-14 15:59:00,2018 Chinese Taipei Open,https://en.wikipedia.org/wiki/2018_Chinese_Taipei_Open_(badminton)
lastUpdate,title,url
2024-08-27 11:44:00,Lee Zii Jia,https://en.wikipedia.org/wiki/Lee_Zii_Jia
2024-05-23 17:32:00,Main Page,https://en.wikipedia.org/wiki/Main_Page
2024-08-16 22:43:00,Chinese surname,https://en.wikipedia.org/wiki/Chinese_surname
2024-08-24 04:07:00,Kedah,https://en.wikipedia.org/wiki/Kedah
2024-09-01 12:20:00,Kuala Lumpur,https://en.wikipedia.org/wiki/Kuala_Lumpur
2024-07-08 18:47:00,Bukit Kiara,https://en.wikipedia.org/wiki/Bukit_Kiara
2024-08-16 22:51:00,Chinese name,https://en.wikipedia.org/wiki/Chinese_name
2024-08-31 16:21:00,Badminton,https://en.wikipedia.org/wiki/Badminton
2023-11-29 08:06:00,Wong Tat Meng,https://en.wikipedia.org/wiki/Wong_Tat_Meng
2024-08-28 04:57:00,Malaysia,https://en.wikipedia.org/wiki/Malaysia
2024-08-13 11:19:00,Badminton at the Summer Olympics,https://en.wikipedia.org/wiki/Badminton_at_the_Summer_Olympics
2024-08-08 22:44:00,Li (surname 李),https://en.wikipedia.org/wiki/Li_(surname)
2024-09-02 14:14:00,Alor Setar,https://en.wikipedia.org/wiki/Alor_Setar
